Dip direction, Dip
1.714105814663657554e+02,2.734548250322112040e+01
1.769109949722595161e+02,2.979577122267879474e+01
1.073178980066108181e+02,2.979154263120554091e+01
1.134350723793537128e+02,3.148974249055920538e+01
1.383639444858490037e+02,2.714063606039840693e+01
1.471266953111116607e+02,3.527188343603658183e+01
1.705496569944068881e+02,2.348316896870897352e+01
1.380030309157516513e+02,2.625364528508906048e+01
1.134173639979532453e+02,2.637628460468630820e+01
1.426146678421251863e+02,2.443163253235733023e+01
1.403397891869650778e+02,2.436533990134451599e+01
1.603850446692078719e+02,3.231107027948579713e+01
1.710996971883895412e+02,3.376899775641874868e+01
1.505972222770176359e+02,3.280279281358382093e+01
1.421350587316391625e+02,3.305918328484953861e+01
1.588038050468248059e+02,2.170653220497309377e+01
1.245742598229546161e+02,2.481798814879997295e+01
1.454780317054028274e+02,2.691997641503495231e+01
1.470112192502350865e+02,1.952202123296629921e+01
1.502528155208630096e+02,2.550177030276105228e+01
1.432073909556077353e+02,2.830911428851288747e+01
8.639006847488570884e+01,2.304985405526343456e+01
1.600346298097936426e+02,3.332269239725847854e+01
1.295187367016235953e+02,2.247129883635546221e+01
1.124932275178095153e+02,3.436174991693086866e+01
1.606755620657918939e+02,2.386837753825082231e+01
1.527044138972329961e+02,2.808255475743541396e+01
1.145464163438834362e+02,2.202827814257491568e+01
1.521571354923408705e+02,2.608762935753972556e+01
1.531521674938082072e+02,2.719332439159213521e+01
1.657714173092501539e+02,3.238934214852334748e+01
1.540908866030848117e+02,2.715306220237391344e+01
1.531377483183380832e+02,2.733464948654831517e+01
1.382857747892217333e+02,2.829925040347115228e+01
1.754985662710040799e+02,3.121785277918448287e+01
1.481433742036888077e+02,2.579573616472663034e+01
1.464199252387734020e+02,2.685541904090294096e+01
1.430947041555224075e+02,2.223265782235583288e+01
1.736681140243811683e+02,3.916103054230853786e+01
1.544561925241686993e+02,2.528615551758151625e+01
1.632322262344358421e+02,2.713666645963322566e+01
1.140275408877310497e+02,1.984680993036442587e+01
1.389373624258820712e+02,2.325624141191911320e+01
1.620163469201399664e+02,2.893797753873776912e+01
1.789810875342460861e+02,2.710015504655547147e+01
1.385734516859190819e+02,1.774012279010606363e+01
1.710938068536941614e+02,3.139699830637861311e+01
1.757986826156328846e+02,2.543888585718962858e+01
1.738490244109799221e+02,3.277128165294129758e+01
1.789434335616511760e+02,2.387313780225551696e+01
1.237121411577205095e+02,2.311202153527732150e+01
1.485860068669725536e+02,2.544996893283110850e+01
1.331444550675494725e+02,2.654514130613319267e+01
1.384310885887955465e+02,1.728617967182146131e+01
1.545882625964753458e+02,2.602328054507378496e+01
1.793818033686959836e+02,3.332841972673510611e+01
9.144786094352602390e+01,2.950461734166832883e+01
1.334951702437929271e+02,2.848558895721527051e+01
1.311574691505571479e+02,2.590803208730606144e+01
1.750793915744697529e+02,3.108436993068240284e+01
1.624773363307931788e+02,3.632613398784428682e+01
1.550562899305597000e+02,2.621897292276443636e+01
1.228219783813287620e+02,1.950196341286759250e+01
1.719799272504835130e+02,3.409153001050334808e+01
1.153839152737878493e+02,2.122497737162503029e+01
1.307752478683058825e+02,2.650434731493082552e+01
1.274149558599186918e+02,2.714084383915630738e+01
1.287599026679323515e+02,2.643056122427587695e+01
1.528491253630310780e+02,3.097738476701615440e+01
1.416927211695403912e+02,2.337134836199549426e+01
1.474691962839315522e+02,2.938480232080831911e+01
1.714512090231396257e+02,3.140912263827497242e+01
1.301646040849002190e+02,2.531924918992573126e+01
1.528051015268464425e+02,2.670741811419233969e+01
1.752802712089078625e+02,2.753492871156085897e+01
1.719559172208549569e+02,3.603434903271890732e+01
1.592054228673212037e+02,3.004797914493661182e+01
1.366497294967360858e+02,2.807408135533868787e+01
1.189488554593224023e+02,2.367064328521784233e+01
1.302389858017998563e+02,2.309369419794668943e+01
1.478679579257720889e+02,3.441341657604509408e+01
1.471465229074906063e+02,1.887145174998366315e+01
1.473966884149580494e+02,2.257516170178266535e+01
1.054413313750415426e+02,2.598594215932662976e+01
1.723186473013214197e+02,3.174741275427681586e+01
1.213283631908471705e+02,2.833391398313182918e+01
1.476400144165824315e+02,2.621927155496582174e+01
1.573960731801770692e+02,2.634786611029769077e+01
1.551073573558182090e+02,2.605999228650903987e+01
1.470493365627961850e+02,2.029522932060922003e+01
1.510333030274652515e+02,2.427215120718781804e+01
1.580616658068899198e+02,3.123126208486595345e+01
1.187904556370783098e+02,2.509168776111503973e+01
1.088071513050003603e+02,2.883098140792046138e+01
1.497517468299182610e+02,2.183840359112640428e+01
1.329626872435991913e+02,2.364857701878552021e+01
1.474596986461357346e+02,1.857725628087394298e+01
1.707733534330247096e+02,3.380317453295396035e+01
1.663297508424762157e+02,3.065202644618666739e+01
1.616828606402124535e+02,2.915073368742014992e+01
1.274974987440332228e+02,2.503883652221125899e+01
1.338662813525507147e+02,2.162847068928298455e+01
1.711843563255763172e+02,3.122303395455432451e+01
1.656010099715676915e+02,2.477942393454624082e+01
1.706561475751819046e+02,2.763139738325920192e+01
1.681789863128075524e+02,2.907753336011464640e+01
1.495106297534188684e+02,2.968247370219197734e+01
1.442895665151674791e+02,2.598704547079817218e+01
1.213115894879392869e+02,1.612686556253350290e+01
1.435854483316834376e+02,3.489105455691309743e+01
1.513609756812607543e+02,3.008052852823587386e+01
1.395387982963362674e+02,2.584527500683554635e+01
1.243453423591826663e+02,2.360985341835021956e+01
1.277905601570003142e+02,2.530904501922102767e+01
1.609396505237227473e+02,3.346421316955834158e+01
1.228379867338427118e+02,1.998057884034977150e+01
1.575208570848172371e+02,2.381410997620938375e+01
1.289866208481543026e+02,2.505513098962632412e+01
1.295344854773804002e+02,2.356332838227578108e+01
1.465090093126797228e+02,2.314629372286547948e+01
9.370424317547482929e+01,3.115607114552762980e+01
1.269460516026584003e+02,2.400614262153545653e+01
1.345794011758715953e+02,2.412843388631890562e+01
1.634881768236934363e+02,1.854680801299583948e+01
1.569651902766291585e+02,2.040950556696804341e+01
1.705721971542159849e+02,3.462804522792018957e+01
1.522424284723422829e+02,2.931853823515458757e+01
1.488623231724204174e+02,2.586167472689626834e+01
1.798347132832427349e+02,3.441569569379822013e+01
1.437747542770262044e+02,2.761190273834991160e+01
1.765449680358123885e+02,2.973604199926035463e+01
1.296489646077198756e+02,2.592308152766616658e+01
1.630444405196199966e+02,2.320019960386224867e+01
1.342442643505061426e+02,2.422606211442386837e+01
1.155711121480728423e+02,2.141416609464773302e+01
1.409703682674698939e+02,2.992255758549280031e+01
1.329315354486818421e+02,2.911254337513545920e+01
1.209927940784314160e+02,2.403713246933721948e+01
1.658835342321783344e+02,2.711546652271187341e+01
1.789880444151058327e+02,3.363164750985503559e+01
1.688825100470976679e+02,2.675492677424738019e+01
1.557020836759668612e+02,3.047768637265305003e+01
1.330472602783054299e+02,2.403149084847850148e+01
1.234141204831335159e+02,2.540825775781986451e+01
1.136239170100688796e+02,2.543432884031967944e+01
1.762084124396283187e+02,2.749909632582252783e+01
1.045679778177713501e+02,2.356214852182073827e+01
1.077853671910897049e+02,2.063969878149250547e+01
1.713396770828747719e+02,2.845749852713748851e+01
1.139223646967299288e+02,3.116427205039450143e+01
1.389980192128979297e+02,3.222752270707289313e+01
1.633206095830347238e+02,2.828161850226648610e+01
1.485911010387766851e+02,2.570412471119342612e+01
1.514508552236115122e+02,2.376358670892884462e+01
1.286728947705767894e+02,2.077392969325414995e+01
1.499486736158762596e+02,2.908559135158195730e+01
1.632829932031902445e+02,3.411365161933713352e+01
1.256898481883655023e+02,1.914903895017494051e+01
1.284523225286883701e+02,2.040255047827402279e+01
1.547407012069022869e+02,2.908142193381764784e+01
1.220315884284158869e+02,2.232326445379256441e+01
1.367680377726745462e+02,2.414702448021800052e+01
1.480529957474284686e+02,2.743370370772775146e+01
1.705523026859247864e+02,3.498156702368957838e+01
1.789738956556081462e+02,3.654734925976225668e+01
1.787536597966194734e+02,3.164171013749101391e+01
1.295541006235388863e+02,2.590663466876489096e+01
1.385965052643834667e+02,2.512330491185884895e+01
1.695008691330995987e+02,3.563347639290471847e+01
1.432195183818094506e+02,3.094801200848441525e+01
1.648621036039942283e+02,2.449623594088788536e+01
1.621552493063023235e+02,3.089904127772490128e+01
1.721444006402439584e+02,2.833103824738406473e+01
1.526973859694655005e+02,2.661565942710821986e+01
1.730783737503574002e+02,2.995522558467213514e+01
1.227886063490137474e+02,3.313176964951304626e+01
1.506191171725215270e+02,2.461944123949009722e+01
1.592083366515238367e+02,2.573911123428092296e+01
1.406536073142481484e+02,2.392325779839284650e+01
1.357457683996204878e+02,2.569755603541267774e+01
1.468619130605691510e+02,2.426903013935825726e+01
1.542767867116099296e+02,2.084761332320607252e+01
1.039253598798920564e+02,1.950262452777916522e+01
1.378592395085112230e+02,2.966577076563221027e+01
1.194656720717697027e+02,2.221685669556899612e+01
1.633722020369603456e+02,2.438029353569356061e+01
1.391217069661283858e+02,2.390424740972001416e+01
1.719347354130851500e+02,3.255407264596066597e+01
1.207749391157001071e+02,3.539951792547628173e+01
1.535094575605307057e+02,2.759183918822702708e+01
1.605597264945571112e+02,2.856282493634817854e+01
1.344920586789977506e+02,2.242273852926298972e+01
1.533970838868844737e+02,2.760917552247319762e+01
1.706872777157300618e+02,2.868971991852636094e+01
1.361918642625896041e+02,2.196610233879669494e+01
1.502081067616020391e+02,2.258533417346043493e+01
1.015322311102141555e+02,2.375509708990584201e+01
1.519332396747801113e+02,2.865605093798729541e+01
1.513850301775324851e+02,2.991111421195741116e+01
1.155030405278982357e+02,2.497997378181327122e+01
1.447648376457821087e+02,2.633593252798513618e+01
1.590959565740970447e+02,2.301907509817872466e+01
1.528077334901982738e+02,2.229465748239882217e+01
1.593677499867769427e+02,2.573683984123925939e+01
1.535568382479132197e+02,3.375256039509275041e+01
1.421227774727536541e+02,2.301308464774148277e+01
1.232395691798657253e+02,2.753632223645111310e+01
1.677845175832579514e+02,3.382295680789425063e+01
1.104861155570534095e+02,2.366956264227461304e+01
1.405574496233510899e+02,2.443560990162163193e+01
1.599536958443320600e+02,2.557206018074633391e+01
1.102138537457822878e+02,2.582339536698391314e+01
1.138591118232420172e+02,2.550472370161545754e+01
1.447098453926948309e+02,2.673553017703503443e+01
1.668419238705000680e+02,1.921266993062740269e+01
1.436633809705831482e+02,2.688716005384934604e+01
1.439036840665470720e+02,2.782873367140195953e+01
1.011376691093959863e+02,1.756443669488889370e+01
1.319484880311729285e+02,2.994309605329616630e+01
1.452197581535519362e+02,3.390341798842015919e+01
1.078202414491459962e+02,2.081519327472286918e+01
1.598873822548583519e+02,3.074712731145867650e+01
1.654508263843618749e+02,2.751694137952347674e+01
1.456176947629367646e+02,2.514535921891745929e+01
1.678293604183785135e+02,1.662989105160040992e+01
1.670207340217056924e+02,3.078219704268150991e+01
1.382397339629802957e+02,2.404477860137051692e+01
1.522925647930891273e+02,3.582575159121201835e+01
1.613961787567320130e+02,3.304547712094686318e+01
1.431651104078659102e+02,1.872115836811175882e+01
1.532982095052346381e+02,2.646452971247555652e+01
1.499672716489970412e+02,2.589260678973020191e+01
1.272437569996997269e+02,2.548928709030787942e+01
1.232747936406211835e+02,2.926779998730809496e+01
1.370307874972853881e+02,2.259917563796022932e+01
1.315638068624906509e+02,2.055255074707352492e+01
1.574807094789467214e+02,2.529689539655996811e+01
1.525752738720410946e+02,2.175042484257329178e+01
1.510221536436237386e+02,2.391885792492543317e+01
1.687516972653805567e+02,2.542264664054505729e+01
1.592677562049832716e+02,2.670021893460504714e+01
1.674028285784198715e+02,3.961302152070326343e+01
1.173431493184480416e+02,2.654431480707280855e+01
1.206433079867658904e+02,2.683507422175351209e+01
1.259588227665085327e+02,3.239670155860277134e+01
1.636226730619765988e+02,2.882895872259734560e+01
1.173279067796850370e+02,1.254034376340740131e+01
1.717215476435651169e+02,3.037377194027042293e+01
1.305350953999019055e+02,2.179266457315486250e+01
1.525161631079688789e+02,2.710606989185483684e+01
1.465070267871450085e+02,3.151014876141101340e+01
1.233654592467466813e+02,3.206249484032945674e+01
1.655439046080368826e+02,3.139398777117896344e+01
1.188919566213968011e+02,2.261331416318025234e+01
1.434141340374962397e+02,2.354052399013757224e+01
1.598483135434096027e+02,2.009566084332212910e+01
1.067117493524049223e+02,2.907140614584609395e+01
1.488789382241350836e+02,3.123405183697964205e+01
1.362849698577308288e+02,2.410345401113707098e+01
1.446990492690166263e+02,2.487469526749217152e+01
1.548733265342888501e+02,3.083415751505491897e+01
1.457136331893152885e+02,2.332136062982090863e+01
1.124976646060486445e+02,2.737448612997751951e+01
1.197226337350778067e+02,3.384406545589273207e+01
1.206478538010282335e+02,2.424199237374948623e+01
1.620703667872531923e+02,2.264556071478619614e+01
1.604162459521109554e+02,2.893544122920633654e+01
1.370716592887581271e+02,2.673896497572561515e+01
1.558838840064780982e+02,2.682956246752004859e+01
1.663889518858404983e+02,2.851591084525458797e+01
1.665122858212433812e+02,2.609651686850354935e+01
1.003674787558726678e+02,2.329478699722846358e+01
1.593150054463325489e+02,2.908205316554661124e+01
9.942449744952270407e+01,2.614884478241667409e+01
1.362625104521914352e+02,2.391450036867619744e+01
1.235011142135943487e+02,3.054804336470779802e+01
9.415109895958690345e+01,2.647428923381528421e+01
1.644124287845107801e+02,2.475932884197368367e+01
1.725319923155959714e+02,3.110644460261469035e+01
1.656048054629134469e+02,2.455142211965924304e+01
1.727012052404886333e+02,3.501737786547213460e+01
1.650819400966188084e+02,3.372066208424410405e+01
1.236831438655673168e+02,2.169000583682209538e+01
1.689960437282464056e+02,2.459393407060574788e+01
1.195419564275529325e+02,2.536667509004728061e+01
1.529096231693847017e+02,2.266317465608728199e+01
1.417440197948262153e+02,2.293024663344909442e+01
1.712555288729499523e+02,3.286086034967520675e+01
1.108211497538639208e+02,2.530950142368847722e+01
1.572837138184245873e+02,2.547562920127422359e+01
1.331568277347842866e+02,2.761643188694125683e+01
1.581626619452798366e+02,2.558208220815798128e+01
9.772806641372410752e+01,2.351420503717515231e+01
1.654250058349122696e+02,2.777884225757462389e+01
1.447201734315341355e+02,2.543868044642563575e+01
1.151309546735663076e+02,2.089257853052845348e+01
1.182341152729661076e+02,2.775880078453737099e+01
1.400900584672783964e+02,2.352308508606930104e+01
1.587796178077987577e+02,3.206412229699780880e+01
1.604031494321877460e+02,3.543626511647975263e+01
1.499124158027569536e+02,2.591169579193640971e+01
1.443635573791717945e+02,3.242576268728018363e+01
1.292005914460725648e+02,1.587301029799486329e+01
1.686041746814591988e+02,2.395801274485622301e+01
1.230016326842440719e+02,2.450676166128684486e+01
1.333530303697433226e+02,2.607522225267479854e+01
1.379721494754850539e+02,2.714670813925448201e+01
1.061133543881833532e+02,2.326512835084930586e+01
1.387181198132820157e+02,2.464889948259231289e+01
1.087867604169023963e+02,3.020175919849616619e+01
1.349736020082406753e+02,2.199416547256110377e+01
1.028110429457735364e+02,2.762905148881090511e+01
1.263404293243820149e+02,2.579490479018435067e+01
1.529123192305209784e+02,2.247460577607156651e+01
1.049097846004897576e+02,2.544042822123663683e+01
1.556595444992049408e+02,3.480042526171105521e+01
1.303434049556128684e+02,3.216045447401464230e+01
1.195670212519287503e+02,3.162548909207082914e+01
1.311846860026175534e+02,2.976126634905864421e+01
1.615113755011451531e+02,2.615130824810654886e+01
1.279961511827281271e+02,1.905798435818899250e+01
1.452390148671537418e+02,2.245993288902688434e+01
1.731940396293372544e+02,3.014705492143566090e+01
1.501358846589882319e+02,2.668626375304101472e+01
1.608988303292472324e+02,3.266310901420470714e+01
1.357508526016647750e+02,2.504583614096022259e+01
1.102062551524771408e+02,2.714524207094508768e+01
1.766742442266097726e+02,3.194925619237326231e+01
1.354134705527202129e+02,2.055886614004488422e+01
1.362989109156150676e+02,2.864569157254904042e+01
1.572215711142199268e+02,3.001131453476423516e+01
1.530926244463347814e+02,2.241872503795374172e+01
1.262694630281240649e+02,3.477483765635955137e+01
1.403541435528063630e+02,3.063300479598694892e+01
1.371981536071164669e+02,2.220770045589356201e+01
1.355707404431498162e+02,2.107046904452346681e+01
1.249643281355814821e+02,2.133746822124223286e+01
1.478950598236061751e+02,2.475965432980950709e+01
1.356996077741627005e+02,2.210785408734874835e+01
1.170132150739690786e+02,1.656286643919370505e+01
1.525967751421485445e+02,2.573809520655383665e+01
1.180155189319968372e+02,2.685419307669163658e+01
1.206461235978842268e+02,2.772055060339326715e+01
1.124103773653546341e+02,2.748363326192274414e+01
1.085845159060612133e+02,1.891990518817012301e+01
1.036526675218723028e+02,2.751979959252462038e+01
1.343806427886904942e+02,2.633493241181143318e+01
1.494755234968444313e+02,3.090885810610534534e+01
1.526719784896314707e+02,2.828767209274785444e+01
1.708306771441559704e+02,3.978605766963600132e+01
1.054255530033342438e+02,2.789019329569331163e+01
1.521409886511682146e+02,2.969394371994215476e+01
1.749416230382536241e+02,2.896539032379385858e+01
9.349206510396500391e+01,2.391076348193621470e+01
1.259553589830798757e+02,2.410480336412863878e+01
1.453678854141037107e+02,2.361191130182810838e+01
1.212720521840766708e+02,1.837398601590073000e+01
7.823847254245295346e+01,3.105478267765551337e+01
1.515801199759806934e+02,2.977325917806127009e+01
1.545766714537380153e+02,2.558724735532897654e+01
1.389802389875376321e+02,2.209166331687207219e+01
1.140721974974017741e+02,2.157242470691828018e+01
1.613364763471383299e+02,3.757988061314580364e+01
1.616658962795650325e+02,2.485244467333038898e+01
9.887709172384830936e+01,2.353033197408196031e+01
1.692833557280372361e+02,2.763499216695479888e+01
1.524975855159496803e+02,2.101701115847721724e+01
1.661917315544452833e+02,2.302951633777253093e+01
1.253532060751558106e+02,2.448401296978405739e+01
1.570418673016015134e+02,2.913180428846288450e+01
1.339183581946761024e+02,2.267217741091519301e+01
1.593779455807755880e+02,3.265110471815782489e+01
1.314463202113252009e+02,2.621526537545424063e+01
1.496108736718112198e+02,3.392896869160202300e+01
1.548551761212205804e+02,1.877030097781146978e+01
1.417947107162900977e+02,3.468531777826488849e+01
1.488586108552196947e+02,2.699598420474999827e+01
1.168563152041341766e+02,2.482018161202279316e+01
1.346691781777327321e+02,2.136345365391760254e+01
1.129289179641996412e+02,2.671619159738151339e+01
1.330369857879466622e+02,2.589250255144474977e+01
1.039958618412357652e+02,2.643951603566967634e+01
1.604624541626806717e+02,2.976807976071053830e+01
1.107196381589841678e+02,2.033731359754598955e+01
1.313032809844180520e+02,2.644204624549090710e+01
1.408702282689049810e+02,2.707165187866143441e+01
1.655001366194674119e+02,2.782541619620495510e+01
1.649126656827470185e+02,3.112381342609190682e+01
1.502049812819222723e+02,2.975912641300795514e+01
1.783186569074658792e+02,3.406200282455483119e+01
1.591015506489223696e+02,2.248320795315230924e+01
1.313112821531247221e+02,2.835326771725081230e+01
1.559172021140355184e+02,2.095320791002682981e+01
1.389099232563665112e+02,2.415457623630500805e+01
1.284213320110183645e+02,2.013728330787669663e+01
1.231586937515412501e+02,2.574062054310581615e+01
1.742619773190588148e+02,3.521158718774393748e+01
1.030527157784843979e+02,2.831203159086810928e+01
1.579334655163891057e+02,3.075557301479415528e+01
1.723201538093939860e+02,3.349218416161350831e+01
1.446292161291977436e+02,3.319292685734652792e+01
1.061164501088224910e+02,1.960486381622185448e+01
1.030643345255124501e+02,3.330218192732765203e+01
1.786950771002815372e+02,2.911558488719331450e+01
1.593679965467866566e+02,1.981326648901965015e+01
1.610183163564809092e+02,2.902935103904556868e+01
1.648322937727592716e+02,3.252000095228419241e+01
1.110182001323906178e+02,2.450093090059123924e+01
1.681788939219978829e+02,2.741577173824761715e+01
1.212920280810822220e+02,1.842230336485892295e+01
1.330880261374639701e+02,2.235468932605246195e+01
1.634528756285576776e+02,2.358508026170823868e+01
1.495688591565044874e+02,2.428115363637938273e+01
1.159301613135064031e+02,2.496795441473539157e+01
1.255076014368166710e+02,2.357622345271781583e+01
1.659726262659872020e+02,3.602258771734376808e+01
1.205191471361451363e+02,3.012484798964487709e+01
1.469205717630643449e+02,3.008324885651479974e+01
1.400926836100462367e+02,3.198318616562237082e+01
1.718174414097788372e+02,2.687709778443817754e+01
1.544619864979139550e+02,2.502077371992417909e+01
1.358214728954516772e+02,2.006358637362798092e+01
1.480532353438165956e+02,3.177232712869686182e+01
1.081834301745716260e+02,2.253469823615718681e+01
1.119989456729874036e+02,2.852615100394754677e+01
1.047596562596746992e+02,2.264143783719413250e+01
1.736895442296359136e+02,3.328894628925151977e+01
1.528865434855264880e+02,1.609287096196210598e+01
1.653239238899262773e+02,2.575628669233655543e+01
1.481844864307471425e+02,2.560775852078016968e+01
1.470128648542370513e+02,2.631507322435021123e+01
1.450324664970312938e+02,2.229078709362903155e+01
1.099901516021081846e+02,2.563885499824039016e+01
1.762523674006321528e+02,3.311066772638579891e+01
1.169188187227721016e+02,2.549543896617276673e+01
1.488602181092695957e+02,2.094498657690608923e+01
1.443540372141006003e+02,2.189931088985129648e+01
1.726399255941994113e+02,2.447709112540512777e+01
1.195881012417989382e+02,2.078328068531656214e+01
1.165300275198722488e+02,2.703964212028589387e+01
1.169430162658730410e+02,2.220301035639012710e+01
1.548152466431949392e+02,2.764327038910655432e+01
1.310172743233582366e+02,2.930671555637767156e+01
1.345980804302436979e+02,2.023982968517503878e+01
1.373777881939241468e+02,1.872688838862172744e+01
1.699836087561604643e+02,2.824143380792101610e+01
1.287631779314022822e+02,2.654036460104161321e+01
1.098733961404777943e+02,2.892247547635757599e+01
1.249908988194592752e+02,2.525275918629611027e+01
1.677145502047843024e+02,2.887664691614951806e+01
1.735695020846732177e+02,2.520404723951154580e+01
9.760419015549506128e+01,3.191156455667802305e+01
1.724386011491515660e+02,3.757542390114897302e+01
1.101331178475513752e+02,2.339030744087033398e+01
9.343251823879266738e+01,2.411103473196417468e+01
1.378504935582088251e+02,2.614595256544859936e+01
1.749204098288068963e+02,2.855048153311644299e+01
1.473599564937630930e+02,3.254618836033152718e+01
1.581572673410568655e+02,2.031228463598310441e+01
1.542005916887269166e+02,2.234641688702418705e+01
1.217693217912184593e+02,2.796978174381033355e+01
1.200473382203658019e+02,2.171280360911496388e+01
1.384597640265965026e+02,1.855419888528042804e+01
1.209224910858758477e+02,2.354370938865053020e+01
1.303647233549735347e+02,2.966319363721505198e+01
1.789178415148836621e+02,2.810275670788801250e+01
1.738043288781874196e+02,3.486039809196357453e+01
1.427885681244844136e+02,2.455813608367801493e+01
1.471040076498450446e+02,2.742969628020410156e+01
1.399006921803375008e+02,2.522628719621429028e+01
9.973300458530282242e+01,2.439545369912709205e+01
1.556889887618262946e+02,3.192599790643797419e+01
1.467426031108184361e+02,1.883395153980069381e+01
1.231691502316854923e+02,2.669143396998168072e+01
1.508931986113053654e+02,1.950940072867829045e+01
1.159000285501656293e+02,2.860484684498987207e+01
1.232178357183095585e+02,2.565509916654468725e+01
1.646984570953437412e+02,2.065281188393137413e+01
1.466680335735891560e+02,3.523649768682865613e+01
1.546886239338156486e+02,2.163759551691844862e+01
1.757323590720746438e+02,2.750483897064542305e+01
1.405202403036369674e+02,2.106718555117650737e+01
1.467595421639048823e+02,2.220941826104216332e+01
1.706619077278543557e+02,3.140430151267571190e+01
1.315253332251014911e+02,2.793896241069415964e+01
1.595218381884485837e+02,2.916292380619509217e+01
9.441915130845934812e+01,2.823335862232487159e+01
1.006012917763988668e+02,3.557747716921820569e+01
1.541560333847762081e+02,3.014346321842085175e+01
1.292005515009654744e+02,3.186799037641846866e+01
1.208221130024788437e+02,2.382008604118156114e+01
1.174570490511579379e+02,1.801767285858776901e+01
1.799024364990130778e+02,2.701704489644733798e+01
1.698661611766625015e+02,2.634648003590922727e+01
1.645810177515508315e+02,3.530781043072887826e+01
1.022182526696562519e+02,2.839049444437327097e+01
1.638252486352072879e+02,3.447217481680951323e+01
1.279268401063412881e+02,3.012984011897733083e+01
1.726295672459521029e+02,3.484361133095148233e+01
1.351853928594431693e+02,1.978786419453572165e+01
1.270436513717143754e+02,2.790204225255539683e+01
1.251224072961668128e+02,2.627842167342921798e+01
1.658501469259113890e+02,2.658227049328625213e+01
1.461974010865073978e+02,1.963782332871674186e+01
1.332789345283520390e+02,2.589558128229206702e+01
1.266475839837763715e+02,2.805976842871265831e+01
1.254848247207061860e+02,2.811312033638953523e+01
1.321934096618378192e+02,2.484704988467670361e+01
1.578843352316467588e+02,1.791754429096794254e+01
1.235522581913912461e+02,1.889598584010515481e+01
1.425015568693285388e+02,2.577611897053323986e+01
1.035455076112121304e+02,3.248418256070615229e+01
1.457512533334893021e+02,1.898791301094422224e+01
1.482346696192287254e+02,2.538233713044114381e+01
1.628435776743255872e+02,3.976416363141937182e+01
1.312405360855119341e+02,2.144168295974972338e+01
1.015487110819151013e+02,2.792844706762753759e+01
1.515125397530966040e+02,2.884245697810130338e+01
1.057234027228458189e+02,2.409460589299802180e+01
1.328428090859138422e+02,2.926323777090442135e+01
1.566715388280789796e+02,2.895536246742484821e+01
1.489973566954662374e+02,2.695573326121103364e+01
1.518908958988108679e+02,2.806297923894838675e+01
1.430269677178106349e+02,2.162995516035294230e+01
1.316381631786849198e+02,1.814799870087697897e+01
1.158622594779771902e+02,2.342557607309939627e+01
1.597864784208893241e+02,3.374367135379664262e+01
1.451496543604273484e+02,2.928173278926454515e+01
1.747537075552753265e+02,3.618864650175382991e+01
1.471383504873213610e+02,2.307377849010531534e+01
1.491372485602100824e+02,1.970897616654476892e+01
1.326218054036149852e+02,2.421499187638699269e+01
1.497692310219808576e+02,1.622919506060421568e+01
1.061938122749796776e+02,1.784555679947590789e+01
1.687145826831979321e+02,3.684828299591768541e+01
1.673214902866166653e+02,3.348267259715538557e+01
1.203315594991467634e+02,3.021489212022726534e+01
1.644620086493459894e+02,2.761370157442546258e+01
1.470019590024424474e+02,2.565737682485175597e+01
1.692124974187886153e+02,3.488409852977116543e+01
1.276291975343115155e+02,2.431443454133173887e+01
1.689949690854287780e+02,2.694552459489210960e+01
1.797544251739776655e+02,2.950240256949854611e+01
1.327043959370559492e+02,2.657020788200410166e+01
1.175456519165925755e+02,2.633710608851072621e+01
1.285018518386667665e+02,2.870419636140137598e+01
1.356587301708259758e+02,2.641513005044897966e+01
1.558719064155300771e+02,2.540351130965666826e+01
1.388664793605127556e+02,2.230592959875762560e+01
1.559034738165836984e+02,3.494095991891926190e+01
1.295061837492534096e+02,2.112425946555782019e+01
1.583712735332800037e+02,2.546065177126704526e+01
1.492828446341983408e+02,2.757975327098808549e+01
1.679856721887953199e+02,1.409621525181265156e+01
9.733789432188774526e+01,3.874795342440161505e+01
9.517969881967543699e+01,3.032481074296980950e+01
1.268250226247193950e+02,3.095380890586991995e+01
1.378332438399229147e+02,2.352161749784990619e+01
1.795414315213755856e+02,3.062766958902570380e+01
1.218873133830150977e+02,1.995629761116827439e+01
1.043247685913182607e+02,2.487156195703454031e+01
1.424862689316447018e+02,2.838985341332441337e+01
1.573202074190928670e+02,2.768748146692266232e+01
1.712142251167303186e+02,3.311216011684146565e+01
1.299711165223325509e+02,2.393448435665951024e+01
1.505166202344987596e+02,2.665492119557280404e+01
1.407335754966410377e+02,1.963114969676660237e+01
1.732336228230161339e+02,2.661559580106377254e+01
1.767216020855153715e+02,3.092446125912254828e+01
1.346553857442856952e+02,3.257006716150331727e+01
1.642208028403866820e+02,3.466996193971633744e+01
1.138882036465905685e+02,1.996308751125110348e+01
1.713052219015162621e+02,1.371855546472074039e+01
1.518435995303110815e+02,2.785619076140281436e+01
1.240888525128188036e+02,2.386132987341236600e+01
1.251967961348004081e+02,2.803517675605090531e+01
1.640682549740998013e+02,2.839902250234996117e+01
1.716602955932956718e+02,4.163059791570059787e+01
1.363859405411554633e+02,3.133900349174149369e+01
1.466822715715466359e+02,2.854744277603768410e+01
1.119917747530632823e+02,2.635930262051672557e+01
1.420174393933400836e+02,2.140055566988520042e+01
1.444097715692950032e+02,2.922125850490866128e+01
1.604079772947193305e+02,2.492488603654523871e+01
1.555829554358153928e+02,3.373507215202211285e+01
1.646459216412445983e+02,2.237983615667356574e+01
1.262176856994772436e+02,2.242136128515326376e+01
1.604862230466642927e+02,2.644144043304653380e+01
1.184274173366021188e+02,2.861558924188746644e+01
1.572294984013982457e+02,2.444960950867475802e+01
1.271279812458388250e+02,2.749333875260071380e+01
1.302959919675576828e+02,2.496685453346087868e+01
1.165523131004911335e+02,3.264380220815199607e+01
1.445142586809082843e+02,2.112847345776977548e+01
1.203572447984120544e+02,1.901705597683434590e+01
1.453488689768156235e+02,2.445987150368642915e+01
1.128330582400075173e+02,2.485660594810017088e+01
1.540724152069259389e+02,1.479530025750595534e+01
1.247595352688163786e+02,2.331168207712493867e+01
1.625459088118541331e+02,2.950895205087573459e+01
1.796320741883990024e+02,2.391376772405491735e+01
1.471652290722470582e+02,3.626209894986963889e+01
1.453954439614273895e+02,3.100024372308546816e+01
1.702190903969917031e+02,2.576134060051448671e+01
1.493123492377745833e+02,2.771643282814132547e+01
1.550527105273839936e+02,3.361957451903086280e+01
1.103293135667299936e+02,1.785310422330394076e+01
1.454666313260134700e+02,2.983860895708134464e+01
1.652590880957389459e+02,1.545066289087415434e+01
1.310536269448835469e+02,2.250238684514973642e+01
1.510536715280464364e+02,2.377100164414424555e+01
1.323214299273707582e+02,2.611355290336031132e+01
1.467200107668614635e+02,2.640068498683198328e+01
1.174261692124616729e+02,1.436393446555162612e+01
1.211365647108959536e+02,3.454095508643073487e+01
1.403693498405271214e+02,2.192441996865916565e+01
1.439625009251948597e+02,2.471594142696988428e+01
1.544403440749957213e+02,3.487034111943789583e+01
1.685818536172598101e+02,3.099050751820239924e+01
1.361778601819536050e+02,2.339742382091427331e+01
1.559874397279810125e+02,2.903032001171380472e+01
1.304390672335783847e+02,3.178886482097612998e+01
1.445270053686971892e+02,2.337665194451101769e+01
1.464401245457381151e+02,2.446300065905554888e+01
1.201125488994402133e+02,2.614123876007909786e+01
1.515873989264800912e+02,2.612760504858876232e+01
1.634546649972354828e+02,2.835443684366688544e+01
1.704043392102665848e+02,3.862204763733426205e+01
1.300852495926140762e+02,2.329620375783035513e+01
1.513140569263641169e+02,2.071295935841956393e+01
1.067303110398583357e+02,2.685557406754342580e+01
1.726803729211559641e+02,4.105317631683121249e+01
1.464772543509469642e+02,2.677224846796293534e+01
1.686401333332372019e+02,2.273104671918834185e+01
9.860016413622118137e+01,2.841882038510372865e+01
1.607876884005237912e+02,2.343217954515480272e+01
1.102929886817452285e+02,2.311844565195865897e+01
1.455993230841574189e+02,3.212307868206215034e+01
1.606546930360366048e+02,2.177918357944150785e+01
1.669632945649082956e+02,3.359363384513077477e+01
1.533287295806016459e+02,2.679710260031513158e+01
1.512316216434834359e+02,2.929325576243929774e+01
1.258306815954381364e+02,2.341230347742198603e+01
1.671886256103468043e+02,2.806747900595596334e+01
1.389243095979479961e+02,2.106972885028921993e+01
1.556159615155733320e+02,3.419256147679892877e+01
1.380930707514208109e+02,2.674498975975969728e+01
1.396361240831717225e+02,2.676505869344754984e+01
1.635413700155197887e+02,2.724296507330947037e+01
1.318295137331913338e+02,2.143921572195151981e+01
1.361896928088285676e+02,2.131325326895111871e+01
1.322939254662597648e+02,2.499835806881473133e+01
1.029323117519614641e+02,2.440180132175523653e+01
1.145230471839934836e+02,3.002704207084670784e+01
1.303412032117699937e+02,2.377830472013836882e+01
1.410204071985342580e+02,1.779095847449343282e+01
1.666472787460724874e+02,2.532571558570407078e+01
1.447947974853924507e+02,2.855416914019544450e+01
1.180351720691480182e+02,2.575262514640541411e+01
1.640957554438969339e+02,3.265780880411033849e+01
9.442867106735894822e+01,2.258061784594847055e+01
1.543157125802967755e+02,2.633551755622588431e+01
1.489835449386575590e+02,2.255143601905710682e+01
1.441757477789014104e+02,2.726042572583125079e+01
1.456667653091903958e+02,2.586728628464443958e+01
1.471301144318882734e+02,2.852219266449633039e+01
1.180320251311523094e+02,2.558032998023426074e+01
1.767710886123958574e+02,2.241568521950215143e+01
1.257013340722134984e+02,2.136286772577270199e+01
1.235053810317543537e+02,2.849898015292915687e+01
1.709730257878323698e+02,2.891487332775432506e+01
1.342596341663350472e+02,2.196498420079498715e+01
9.652025816575405770e+01,2.059994600949553600e+01
1.336854077626660171e+02,2.017071571068828462e+01
1.543628840576750179e+02,2.950652542607420159e+01
1.651548198045069853e+02,2.626203635351181376e+01
1.069361689804700433e+02,2.116745197822209335e+01
1.720545716238697480e+02,3.688061142977016971e+01
9.369995765742608285e+01,2.288127258403746822e+01
1.340430106491030813e+02,2.170612363829005531e+01
1.708718630032317662e+02,3.011324458355413469e+01
1.776009164256903148e+02,3.090028558988915108e+01
1.267985010797267904e+02,2.673484027257013906e+01
1.717706510735539496e+02,3.233943990900115040e+01
1.255910685515974876e+02,1.807420518725438896e+01
1.421963219217009282e+02,2.192520836347318891e+01
1.721635818309827926e+02,2.899250910772145673e+01
1.631961776983376637e+02,2.988923804729990508e+01
1.749807469338125259e+02,2.504114770851668581e+01
1.367754586770019216e+02,1.941553536045566020e+01
1.700814074982022817e+02,3.235639058451702255e+01
1.382946859521948113e+02,1.917865204040463922e+01
1.488998871005008766e+02,2.404013344543348651e+01
1.145552353077156909e+02,2.829143970414928333e+01
1.203955429571310418e+02,2.973736236224968010e+01
1.397261061856617914e+02,2.585918496855206072e+01
1.597244162717311724e+02,2.887317837895854211e+01
1.750588532406569584e+02,2.811012890002855258e+01
1.487912004314142393e+02,2.730201888339433580e+01
1.705196603109758371e+02,3.912336971068494051e+01
1.152245252575769285e+02,2.928999435045788502e+01
1.696548576276722713e+02,2.596169397364679199e+01
1.370450541210990991e+02,2.989237944372639433e+01
1.279755798707420098e+02,2.368134026883711840e+01
1.430215974002153985e+02,2.327225852600853173e+01
9.657358611747193322e+01,2.632459496655376796e+01
1.692582851360369318e+02,3.128357584175436301e+01
1.688353654623664113e+02,3.377723247502400028e+01
1.726977119318120515e+02,2.405017002411932836e+01
1.369588943859986330e+02,2.893766306399420074e+01
1.473338617326821804e+02,2.652358807951672759e+01
1.719089890477522999e+02,3.026462047206424089e+01
1.728272337734904340e+02,3.374285104949973402e+01
1.553972180816916193e+02,2.560859405365840047e+01
1.526896402507958044e+02,2.830591370224829362e+01
1.577808354878972921e+02,2.679993636908693944e+01
1.364786742603116636e+02,2.455025932676006306e+01
1.273234716236238597e+02,2.233030413741852627e+01
1.775050836844637843e+02,3.575125077943518903e+01
1.315805994678847810e+02,1.867412080358620230e+01
1.667720702463841462e+02,3.340490201608118070e+01
1.613019329006108080e+02,1.716981132827482170e+01
1.562261875843306029e+02,2.676673638204193040e+01
1.708800004947638627e+02,3.248329837705261980e+01
1.722129850098674808e+02,2.943000267092024558e+01
1.493286772859815130e+02,2.885389345047123300e+01
1.472130205872912541e+02,2.221184644450188728e+01
1.665878149775852251e+02,2.529821421167800111e+01
1.424262837228059198e+02,1.867362926665609990e+01
1.715199200349346143e+02,3.442644009459007748e+01
1.724905638139480004e+02,3.024111663433247799e+01
1.235439664724928264e+02,1.790235724014302221e+01
1.642894795919130217e+02,2.472795531512979039e+01
1.796724482221665937e+02,2.235344381136432190e+01
1.465820835823319896e+02,2.267253370938542645e+01
1.354015674082122871e+02,1.717710469205771773e+01
1.317222663060285868e+02,2.572341712048756435e+01
1.492605035426647362e+02,2.931085370775130627e+01
1.574064615823725433e+02,2.780429619868936442e+01
1.420645746940484173e+02,2.589034258161488466e+01
1.521899967366198609e+02,3.419961180324246897e+01
1.365726056598904279e+02,2.642816345379133836e+01
1.385278048744996511e+02,2.398976419293461504e+01
1.475477793912729112e+02,2.027100028819513611e+01
1.138636721834492107e+02,2.637342531612248919e+01
1.198800288432652081e+02,2.663458738003551574e+01
1.440610018521984728e+02,2.626189086546515483e+01
1.752437825848626858e+02,3.351648219291823239e+01
1.489274417150629120e+02,2.756008671063132454e+01
1.085310506732530058e+02,2.811274954217712718e+01
1.318525133682761066e+02,2.570537610182164201e+01
1.605721256266439241e+02,2.898929323122709434e+01
1.641184588135344882e+02,3.441909037524487047e+01
1.316482717380218332e+02,2.940993808998409875e+01
1.606162579836398834e+02,3.336362346165660853e+01
1.245233788353225464e+02,2.841489325837060420e+01
1.511157116554908555e+02,2.513493708788388048e+01
1.421454639640345761e+02,3.327540546574194025e+01
1.481280045159987253e+02,2.901786465553244909e+01
1.613277620198213356e+02,2.470823458237211767e+01
1.791864981279595384e+02,2.716999153448869819e+01
1.254858369608545274e+02,2.439932831008800207e+01
1.639118271359888297e+02,3.238344539489808227e+01
1.363597747042087747e+02,1.883684536297669965e+01
9.420354532945617620e+01,2.415558128437991670e+01
1.141657736612566367e+02,2.328526429704489331e+01
1.140888812813129789e+02,1.419502403695665116e+01
1.589568020846343188e+02,2.729389906933860033e+01
1.562908280007267194e+02,2.510884980737858285e+01
1.132991162042377766e+02,2.147792999346900089e+01
1.341865820487066685e+02,1.842881531539222451e+01
1.784335337433784332e+02,4.102456766633733309e+01
1.772745664297927988e+02,3.843529797477523857e+01
1.568367646679822656e+02,2.888407481764467732e+01
1.166436618544164645e+02,2.255308816066531818e+01
1.640368573308345503e+02,2.602444652275194770e+01
1.546518429622501003e+02,2.688039045782599601e+01
1.459984984138870345e+02,2.270162188249661739e+01
1.296276665666017323e+02,3.289701415801319229e+01
1.296336606910664386e+02,2.341015682103720508e+01
1.440937167684449491e+02,2.711806278468523246e+01
1.411959360349669623e+02,2.672717709029004851e+01
1.344381105265418057e+02,1.989239044215388219e+01
1.441548570476327029e+02,2.458109522662550361e+01
1.661195272514295596e+02,2.283684349117607937e+01
1.307026003443847628e+02,2.240146619886187551e+01
1.278865734522900084e+02,1.813252714850964153e+01
1.616777383912737207e+02,2.789936022855104270e+01
1.516609937047771837e+02,2.947231965594387049e+01
1.433879607894985782e+02,2.159153729692420143e+01
1.486485534883729827e+02,2.060023555212955770e+01
1.522749730828571444e+02,2.455306260756226067e+01
1.348076612396752125e+02,2.264776347283427427e+01
1.660745114586082423e+02,2.575542088001088104e+01
1.720007736773005718e+02,2.438404279908269956e+01
1.732104807785997025e+02,3.287517134824300769e+01
1.592782908551085939e+02,2.476386583491926530e+01
1.173991723171723578e+02,1.664145465445709249e+01
1.744320448224621316e+02,2.283919303814317914e+01
1.601058213434787945e+02,2.713866942428637330e+01
1.789424175938296173e+02,3.420222992302740295e+01
1.635048449190499298e+02,3.132182899548400457e+01
1.638542744103136215e+02,2.771850226220778524e+01
1.312362384418959778e+02,2.894471281027449550e+01
1.327580872696178460e+02,2.459083960256409185e+01
1.374636464467722305e+02,2.518987199991770609e+01
1.396385986050449901e+02,3.090510780950130609e+01
1.479751740658365406e+02,2.962607971444023747e+01
1.277982888103351939e+02,2.054743086412631570e+01
1.678075405223308678e+02,3.270167611778803973e+01
1.656930873649122589e+02,2.701586675759200062e+01
1.487773280382293706e+02,2.235704450749806327e+01
1.707611958871627280e+02,3.389160574215569710e+01
9.736518953592046444e+01,2.297292325193588880e+01
1.038090664222657580e+02,2.945726755063074265e+01
1.182170383081516718e+02,1.255280051696603216e+01
1.642374958465511838e+02,3.595492375625446613e+01
1.660967198859636369e+02,3.080389082860633465e+01
1.628839173290674864e+02,3.235499206915996240e+01
1.614981298610022975e+02,3.054867963269287756e+01
1.371446742856128083e+02,3.246893538210323271e+01
1.354164560205871624e+02,1.900308823120946045e+01
1.469835470918178828e+02,2.191371641346621857e+01
1.447638038300952701e+02,2.585238545200031268e+01
1.529655789902041931e+02,3.518188964876192415e+01
1.331073151662155283e+02,2.847904529917500938e+01
1.327408573299620969e+02,2.379553944803672749e+01
1.473811086685651901e+02,2.848920995361796216e+01
1.737961859514295782e+02,2.804628112872805801e+01
1.587642145933326958e+02,3.739677220327089913e+01
1.625048327023576746e+02,3.716464303623972398e+01
1.327500648961747913e+02,2.134402345978900684e+01
1.605010676030100853e+02,3.160589611649873021e+01
1.658597139518770121e+02,2.415385363544658048e+01
1.570440506088147004e+02,2.338975769046419018e+01
1.548572111818021995e+02,2.583363041709081998e+01
1.418165219335953395e+02,2.731242685467181630e+01
1.536117839845932451e+02,2.201193957264417378e+01
1.587834664296220240e+02,3.209670923369935736e+01
1.343829703772676112e+02,3.240292092125026358e+01
1.671846927013666289e+02,2.314212786708932157e+01
1.554388188876620518e+02,2.836296488097448787e+01
1.394368527883652291e+02,2.427848325930336770e+01
1.100337887070339491e+02,2.057518902609587386e+01
1.336843995651771024e+02,2.480171978860093773e+01
1.244964018240152654e+02,2.657114214265469698e+01
1.445677820112046845e+02,2.692051430875797990e+01
1.526382958176116347e+02,2.631144634565158569e+01
1.632319269090430680e+02,2.220444862298429811e+01
1.423338336367808381e+02,2.753839786056442662e+01
1.686065749785545052e+02,2.347000268434842596e+01
1.427759363275812063e+02,2.190186883483454494e+01
1.365327548011263161e+02,2.905022387293691111e+01
8.308864952318519670e+01,2.600613923823750540e+01
1.765752662136794413e+02,2.099395470834769739e+01
1.624947574408906803e+02,3.514866766143082799e+01
1.707419759787621274e+02,2.702425292373479948e+01
1.208851304415229606e+02,2.343682152334312008e+01
1.345671675083454204e+02,2.600690619648863233e+01
1.200538278647879622e+02,2.450019996910306119e+01
1.625827875977763028e+02,2.917970734997858528e+01
1.630818159172603714e+02,2.440649361178881094e+01
1.091171032101080272e+02,1.351189676417524055e+01
1.267753238672483462e+02,2.372952024917055169e+01
1.239128508844901688e+02,2.711957815898955815e+01
1.618555279594880574e+02,3.706507692669048737e+01
1.349647368432848680e+02,2.468452231139285757e+01
1.192573826603989460e+02,2.871144156788641766e+01
1.609278333561028944e+02,3.510094991466642966e+01
1.570187590775861395e+02,3.383289910104807774e+01
1.281287401421133723e+02,2.353403374688965144e+01
1.344448813116920576e+02,2.106337274226994793e+01
1.092358233459639081e+02,2.863130449287094592e+01
1.411366282395068481e+02,2.489487218143506553e+01
1.729576451483398500e+02,2.103048189317471994e+01
1.761365720514587281e+02,2.497262361899591809e+01
9.567373176795699408e+01,2.505300829581510769e+01
1.096019445734872875e+02,2.475084811521946904e+01
1.459924756965642985e+02,2.759499651866997283e+01
1.772585586480130075e+02,3.770447754953701747e+01
1.635818198002522479e+02,3.060383170142550213e+01
1.274148223767377459e+02,2.239448504361508441e+01
1.344371286528406415e+02,1.976569933591844475e+01
1.738161516666616251e+02,3.119636629892008628e+01
1.549232897892672156e+02,2.323830021075117713e+01
1.798247311453222324e+02,3.379266657390927975e+01
1.617936721498257953e+02,2.865940689406996711e+01
8.813559666678105486e+01,2.262505992461795756e+01
1.378520516650858951e+02,2.141880473441133148e+01
1.483129326136339614e+02,3.068469955906910229e+01
1.461800842186940486e+02,2.374933166906513904e+01
1.361021125253419370e+02,2.682147419967481028e+01
1.257137214200083548e+02,2.377428790757291566e+01
1.149970293383017150e+02,2.516714136835500426e+01
1.494031179262740636e+02,2.450058006165883384e+01
1.494801936397604152e+02,2.414639466331988160e+01
1.180950455413815092e+02,2.726195739584952094e+01
1.226833938021651846e+02,1.961963139207726670e+01
1.298920621164616591e+02,2.824738116680415345e+01
1.541747368150794557e+02,2.472161402496148597e+01
1.727870466338463302e+02,3.301274593451567796e+01
1.665369590843707783e+02,3.661359073403441045e+01
1.205046050837857621e+02,3.605122641546556395e+01
1.355752718660359335e+02,3.592660315294719453e+01
1.415220636481629128e+02,2.169813174950352419e+01
1.429874363152576393e+02,2.371519305732075722e+01
1.329949753356932547e+02,2.110620639882588634e+01
1.760558598777953989e+02,3.499349323047812277e+01
1.404211015570947154e+02,2.820982737310798782e+01
1.607001606780031295e+02,2.508260101425121746e+01
1.787930920498961882e+02,3.990330335834362074e+01
1.526181080730032136e+02,2.248270061354509863e+01
1.164980781872565956e+02,2.618058701976949365e+01
1.142343061864022928e+02,3.369282498750616384e+01
1.196453863553390562e+02,2.133002456284339488e+01
1.212160432488360584e+02,1.800936752324707513e+01
1.344126893261532700e+02,2.420177459501147865e+01
1.508349809517945630e+02,3.077078509655599703e+01
1.711480749389014022e+02,3.249082736933652171e+01
1.328705234041785843e+02,2.367169334371480360e+01
1.060338380264664551e+02,2.652195095209146203e+01
1.098488618528496374e+02,2.497184326912195829e+01
1.162338961912855950e+02,2.388145042254149075e+01
1.401219536905319671e+02,2.500816842157289344e+01
1.234424882584572885e+02,2.674565933920641569e+01
1.692792429313903142e+02,3.426726782044215014e+01
1.576673479934749764e+02,2.495069582965090049e+01
1.479503747872047370e+02,2.891168479031490079e+01
1.564065421560931668e+02,2.625763024748759022e+01
1.380130697459816247e+02,2.676745807332974181e+01
1.116191364350710842e+02,2.029774958909064964e+01
1.524544569476825302e+02,2.536367414646499441e+01
1.177802815494960242e+02,2.413541688904924243e+01
1.628085658147285244e+02,3.231104392965752936e+01
1.202591499935569601e+02,2.895351241458098812e+01
1.562457172953680526e+02,4.068823985943128463e+01
1.487256028447718847e+02,2.509177650732110010e+01
1.475615209224014563e+02,2.750825891112784660e+01
1.736526468707683932e+02,3.224412088741743077e+01
1.163031963858919795e+02,1.953950821880872013e+01
1.690547506779792002e+02,3.322010255626918962e+01
1.724793780679683834e+02,3.832822142400619470e+01
1.466614808479220642e+02,2.396383452075660614e+01
1.023276815608230521e+02,2.436646807714212670e+01
1.407890321294950411e+02,1.828248433610775336e+01
1.488212204509210324e+02,2.205308621030031091e+01
1.355349109530637008e+02,2.447343699875875700e+01
1.167365784075572606e+02,2.179045691819697694e+01
1.495637988787654251e+02,2.422190130639581795e+01
1.216852131858531862e+02,2.215718688952180671e+01
1.444716739610330194e+02,1.981507146103649575e+01
1.461292641588451886e+02,2.163331327796528214e+01
1.534404690333804524e+02,3.292052863033686094e+01
1.495800599447579771e+02,2.258480029351410678e+01
1.672044490709568549e+02,3.424026336403854032e+01
1.406863079815518063e+02,2.587281095713366952e+01
1.376704986333214720e+02,2.878302648420215704e+01
1.079724925964092961e+02,2.559701718602163112e+01
1.407299775438853260e+02,2.463842628650199629e+01
1.528523295892749445e+02,3.399956596840421241e+01
1.506373309388240216e+02,2.610503591557025160e+01
1.320909684951563747e+02,3.117046317088581020e+01
9.642523910316899105e+01,2.416939078622169745e+01
1.280611773953480963e+02,2.532471050652894462e+01
1.377765358411550949e+02,2.401692768753373386e+01
1.429206089053981543e+02,2.023098041248013246e+01
1.187185715779105379e+02,2.842908498389121164e+01
1.481044210840412347e+02,3.202611539059733303e+01
1.541709376516311067e+02,2.244773861199493936e+01
1.119060852509257415e+02,2.581431836488897957e+01
1.283159596674105671e+02,1.828951071725638400e+01
1.666141640877809209e+02,2.247261371891492843e+01
1.255431226592963725e+02,2.840735804987042457e+01
1.308304361510421359e+02,2.049298414403842727e+01
1.622797919031263234e+02,2.044572924890054821e+01
1.447541206997145764e+02,2.153871238325098858e+01
1.198948107209854754e+02,2.509711426383282884e+01
1.634969815307387364e+02,2.759060589833311639e+01
1.403826528122507398e+02,2.503632514211210136e+01
1.054403045639030552e+02,2.692670995315732085e+01
1.796649142641354615e+02,2.863021802294460727e+01
1.715740465897312959e+02,2.661485939931825229e+01
1.053087723313652333e+02,2.277696221262800691e+01
1.788694676273788957e+02,3.502355148088858527e+01
1.342758399030867622e+02,2.061996354149591326e+01
1.037480150770893061e+02,2.426270172733273256e+01
1.624162428956901749e+02,2.056840172609107142e+01
1.618715837894380911e+02,2.086758176157873024e+01
1.474630739606671739e+02,2.502998371527103316e+01
1.531955695147863992e+02,2.524689564923283669e+01
1.369172826676507668e+02,2.241130134666508056e+01
1.583954978931029984e+02,2.542686827476165590e+01
1.473302533374467771e+02,2.735023328307551083e+01
1.726673398527476309e+02,3.058736563134263520e+01
1.352509292944902199e+02,3.618092536320371977e+01
1.329452482191054514e+02,2.884614309704045709e+01
1.779140089870530801e+02,3.636833265463873488e+01
1.362526151335130180e+02,2.485763677649054415e+01
1.398752869588222438e+02,2.165122482835976214e+01
1.751046451122356586e+02,3.400621527401467858e+01
